#count	frequency	CDR3nt	CDR3aa	V	D	J	C	cid	cid_full_length
5	1.190476e-01	TGTGCGAGAGCCTCGGAAGAAAGTGGCTACGACCCTGCCGCCCTTGACGACTGG	CARASEESGYDPAALDDW	IGHV3-33	.	IGHJ4	IGHG1	assemble76	0
5	1.190476e-01	TGCGCGACCTCCATTAGGGTAGTTCCAATTGGTCAAGCCGAATACTTCCATCACTGG	CATSIRVVPIGQAEYFHHW	IGHV1-18	.	IGHJ1	IGHA1	assemble109	0
4	3.076923e-01	TGTGTGGTTGATACGGGGTACAGCAGTGCTTCCAAGATAATCTTT	CVVDTGYSSASKIIF	TRAV12-1	.	TRAJ3	TRAC	assemble47	0
4	4.000000e-01	TGTGCCACCAGCAGCATCGGGAAGGGGGACGAGCAGTACTTC	CATSSIGKGDEQYF	TRBV15	.	TRBJ2-7	TRBC	assemble203	0
4	6.666667e-02	TGTCAGCAGCGTAGCAACTGGCCTCCCTCCATCACCTTC	CQQRSNWPPSITF	IGKV3D-11	.	IGKJ5	IGKC	assemble141	0
4	6.666667e-02	TGCCAACAGTATAATAGTTACCCGTACACTTTT	CQQYNSYPYTF	IGKV1-5	.	IGKJ2	IGKC	assemble244	0
4	9.523810e-02	TGTGCGAGAGAACTTAGCCGCCCGACTGGACCCTTTGACTACTGG	CARELSRPTGPFDYW	IGHV3-74	.	IGHJ4	IGHA1	assemble11	0
4	6.666667e-02	TGCACCTCATATACAACCAGCAGCATCTATGTCTTC	CTSYTTSSIYVF	IGLV2-18	.	IGLJ1	IGLC	assemble233	0
3	5.000000e-02	TGCATGCAAGCTAAACAAATTCCGTTCACTTTC	CMQAKQIPFTF	IGKV2D-18	.	IGKJ4	IGKC	assemble300	0
2	3.333333e-02	TGTCTACAAGATTACACTTACCCTCGGACGTTC	CLQDYTYPRTF	IGKV1-6	.	IGKJ1	IGKC	assemble1068	0
2	3.333333e-02	TGCAGCTCATATGGAGGCAACAGCAACCTTGTCTTC	CSSYGGNSNLVF	IGLV2-8	.	IGLJ1	IGLC	assemble437	0
2	3.333333e-02	TGTCAGACCTGGGGCACTGGCATTAATTGGGTGTTC	CQTWGTGINWVF	IGLV4-69	.	IGLJ3	IGLC	assemble827	0
2	3.333333e-02	TGTCAGACCTGGGGCACTGGCATTTGGGTGTTC	CQTWGTGIWVF	IGLV4-69	.	IGLJ3	IGLC	assemble843	0
2	3.333333e-02	TGCTTGCTCACCTATAGTGGTGTCTGGGTGTTC	CLLTYSGVWVF	IGLV7-46	.	IGLJ3	IGLC	assemble2006	0
2	4.761905e-02	TGTGCACACATCGACCGCAGCACCTGTCCCCTTGCATTTGATATCTGG	CAHIDRSTCPLAFDIW	IGHV2-5	.	IGHJ3	IGHA1	assemble762	0
2	4.761905e-02	TGTGCCAAAGATCGGGTCGCTGAGAGGGACGCGGATCCTTTTGATGTCTGG	CAKDRVAERDADPFDVW	IGHV3-23	.	IGHJ3	IGHG2	assemble163	0
2	3.333333e-02	TGTCAGCAATATTTTAGTCCTCTCTACTCTTTT	CQQYFSPLYSF	IGKV4-1	.	IGKJ2	IGKC	assemble201	0
2	4.761905e-02	TGTGCGAGAACTAGTGGGTACGATGGATCCTTTGACTACTGG	CARTSGYDGSFDYW	IGHV1-18	.	IGHJ4	IGHA1	assemble416	0
2	1.538462e-01	TGTGTGGTGATCCGGTAACCAGGGAGGAAAGCTTATCTTC	out_of_frame	TRAV10	.	TRAJ23	TRAC	assemble816	0
2	1.538462e-01	TGTGCAGTTCACTCTACCCTTATTCTGGTGGCTACAATAAGCTGATTTTT	out_of_frame	TRAV13-1	.	TRAJ4	.	assemble439	0
2	4.761905e-02	TGTGCGAGAGATAGGGATCTTGACCACGGTGCCTGCTTCGATGTCTGG	CARDRDLDHGACFDVW	IGHV1-2	.	IGHJ2	IGHA2	assemble430	0
2	4.761905e-02	TGTGCGAGAGGGAGATTTAGTTACTACGATCCCCTCTTGTATTACTTTGACTTCTGG	CARGRFSYYDPLLYYFDFW	.	.	IGHJ4	IGHG1	assemble446	0
2	4.761905e-02	TGTGTGAGAGAGCGTGTTTCCTATGGCCAAAGCTGCCTCGCGTACTGG	CVRERVSYGQSCLAYW	IGHV3OR16-11	.	IGHJ4	IGHA1	assemble527	0
2	3.333333e-02	TGTCAGGTGTGGGAAACTACTAATGATCGTCGAGGGGTGTTC	CQVWETTNDRRGVF	IGLV3-21	.	IGLJ3	IGLC	assemble1081	0
2	3.333333e-02	TGTCAGCAATATTTTAGTTCTCCCCCCACTTTC	CQQYFSSPPTF	IGKV4-1	.	IGKJ4	IGKC	assemble421	0
2	4.761905e-02	TGTGCGGGGGGAGAGTGTACTAGTAACAGGTGTCCGTTAAGTCTTGACTACTGG	CAGGECTSNRCPLSLDYW	IGHV4-59	.	IGHJ4	IGHA1	assemble818	0
2	1.538462e-01	TGCATCGTCAGAGAGGTTAACACCGACAAGCTCATCTTT	CIVREVNTDKLIF	TRAV26-1	.	TRAJ34	TRAC	assemble448	0
2	3.333333e-02	TGTCAACAGAGTTATACTGCCCCATACACTTTT	CQQSYTAPYTF	IGKV1-39	.	IGKJ2	IGKC	assemble280	0
1	1.666667e-02	TGTGCAGCATGGGATGACAGCCTGAAGGCCTATGTCTTC	CAAWDDSLKAYVF	IGLV1-44	.	IGLJ1	IGLC	assemble3477	0
1	2.380952e-02	TGTGCCACAGATCTTAGGTGGGAGCTACGCGCCGACTACTGG	CATDLRWELRADYW	IGHV4-31	.	IGHJ4	IGHA1	assemble417	0
1	1.000000e-01	TGTGCCAGCAGCCAACGACAGGAATGGGGGGAGCAGTACTTC	CASSQRQEWGEQYF	TRBV4-2	.	TRBJ2-7	TRBC	assemble652	0
1	7.692308e-02	TGTGCTGTCTCAGGAAACACACCTCTTGTCTTT	CAVSGNTPLVF	TRAV21	.	TRAJ29	.	assemble2759	0
1	1.666667e-02	TGTCAGGTGTGGGACAGTGGCACTGTGGCATTC	CQVWDSGTVAF	IGLV3-9	.	IGLJ2	IGLC	assemble4119	0
1	7.692308e-02	TGTGCTGTGGCTGTCATGGATAGCAACTATCAGTTAATCTGG	CAVAVMDSNYQLIW	TRAV8-3	.	TRAJ33	TRAC	assemble1492	0
1	1.666667e-02	TGTCACCAGCGTAACGACTTATTCACTTTC	CHQRNDLFTF	IGKV3-11	.	IGKJ3	IGKC	assemble1495	0
1	1.666667e-02	TGCCACCAGTATAATAACTGGCCTGAAACGTTC	CHQYNNWPETF	IGKV3-15	.	IGKJ1	IGKC	assemble256	0
1	1.666667e-02	TGTCAGCAATAAGTTAGTTCTCCCCCCACTTTC	CQQ_VSSPPTF	IGKV4-1	.	IGKJ4	IGKC	assemble421	0
1	2.380952e-02	TGTGCAAAGGGAGGCTACGATATTTTGACTGGTTATTCCGGGTACTGGTACCGCTTCGCTATGGACGTCTGG	CAKGGYDILTGYSGYWYRFAMDVW	IGHV3-43	.	IGHJ6	IGHG1	assemble1491	0
1	2.380952e-02	TGTACAAAGGACGCTTACGGTGACTACATGGGCCGTACTGGGTTGCTGGGGCTCTGG	CTKDAYGDYMGRTGLLGLW	IGHV3-73	.	.	.	assemble3443	0
1	1.666667e-02	TGTCAGCATTATTTTGAAGCTCCGCGCACTTTC	CQHYFEAPRTF	IGKV4-1	.	IGKJ4	IGKC	assemble1437	0
1	1.666667e-02	TGTCAGCAATATTATAGTTCTCCGCTCACTTTC	CQQYYSSPLTF	IGKV4-1	.	IGKJ4	IGKC	assemble1229	0
1	2.380952e-02	TGTGCGAGAGATCATGATATTTTGGCTGATCCTTGGGGTATGGACGTCTGG	CARDHDILADPWGMDVW	IGHV4-4	.	.	IGHG1	assemble1425	0
1	1.666667e-02	TGTCAATCAGCAGACACCAGTGGCAGTTCGCCAAAGTGGTTATTT	CQSADTSGSSPKWLF	IGLV3-25	.	IGLJ2	IGLC	assemble156	0
1	2.380952e-02	TGTGCGAGAGCGGGTCTTCCTGGGTCGGGAATCTATTCCTACTTCGACTCTTGG	CARAGLPGSGIYSYFDSW	IGHV1-2	.	IGHJ2	IGHG1	assemble428	0
1	1.666667e-02	TGTCAACACCGTGCCAGCTGGCCGAGAACGTTC	CQHRASWPRTF	IGKV1-9	.	IGKJ1	IGKC	assemble1468	0
1	1.666667e-02	TGCCAACAGTATAATACTTACCCTCGGACGTTC	CQQYNTYPRTF	IGKV1D-16	.	IGKJ1	IGKC	assemble1130	0
1	2.380952e-02	TGTGCGAGAACTATTGGGTACGATGGATCCTTTGACTACTGG	CARTIGYDGSFDYW	IGHV1-18	.	IGHJ4	IGHA1	assemble416	0
1	1.666667e-02	TGCATGCAAGCTATACAAACTCCGTACACTTTT	CMQAIQTPYTF	IGKV2-28	.	IGKJ2	IGKC	assemble643	0
1	1.666667e-02	TGTCAGCAGCGTAGCGACTGGCCGCTCACTTTC	CQQRSDWPLTF	IGKV3-11	.	IGKJ4	IGKC	assemble1541	0
1	2.380952e-02	TGTGCGAGAACTAGTGGGTACGATGGATCCTTTGACTACTGG	CARTSGYDGSFDYW	IGHV1-2	.	IGHJ4	.	assemble436	0
1	1.666667e-02	TGTCAGCAATATTATAGTCCTCTCTACTCTTTT	CQQYYSPLYSF	IGKV4-1	.	IGKJ2	IGKC	assemble1487	0
1	2.380952e-02	TGTGCGAGAGTAGTCTATTCCTATGATAATGGTGGTGAGCCCGAAAATGATGCTTTTGATATCTGG	CARVVYSYDNGGEPENDAFDIW	IGHV1-2	.	IGHJ3	IGHA1	assemble760	0
1	2.380952e-02	TGTGCAACAGCTGCTGGGCCAGCTGCTACCCCATTAACTTTCTGG	CATAAGPAATPLTFW	.	.	IGHJ3	.	assemble4500	0
1	1.666667e-02	TGCATTTCATATACAACCGGCAACATTCCCTATGTCTTC	CISYTTGNIPYVF	IGLV2-14	.	IGLJ1	IGLC	assemble126	0
1	1.666667e-02	TGTCAACAGTATGATAATCTGTCTCTTTTC	CQQYDNLSLF	IGKV1D-33	.	IGKJ4	IGKC	assemble1413	0
1	2.380952e-02	TGTGCGAAAGACGATTGGCCCGGGGCTGGGGCCGTTGACTACTGG	CAKDDWPGAGAVDYW	IGHV3-23	.	IGHJ4	IGHG2	assemble1412	0
1	1.666667e-02	TGTCAGCAGTATAATGACTGGCCTCTCACTTTC	CQQYNDWPLTF	IGKV3-15	.	IGKJ4	IGKC	assemble2408	0
1	1.666667e-02	TGCAACTCATATAGAAGCAGCAGCACTCGTTTGGTCTTC	CNSYRSSSTRLVF	IGLV2-14	.	IGLJ1	IGLC	assemble1580	0
1	1.666667e-02	TGCGGCTCATATGCAGGCAACCACCTTGGAGTCTTC	CGSYAGNHLGVF	IGLV2-14	.	IGLJ1	IGLC	assemble832	0
1	1.666667e-02	TGTCACCAGTATAATAACTGGCCTGAAACGTTC	CHQYNNWPETF	IGKV3-15	.	IGKJ1	IGKC	assemble26	0
1	1.666667e-02	TGCGGCGCATATGCAGGCAATCACCTTGGAGTCTTC	CGAYAGNHLGVF	IGLV2-14	.	IGLJ1	IGLC	assemble832	0
1	1.666667e-02	TGTCAATCAGCAGACACCAGTGCTTCTTCGCCAAAGTGGTTATTT	CQSADTSASSPKWLF	IGLV3-25	.	IGLJ2	IGLC	assemble156	0
1	1.666667e-02	TGTCAGGTGTGGGATACTAGTAATGACCTATATGTCTTC	CQVWDTSNDLYVF	IGLV3-21	.	IGLJ1	IGLC	assemble7435	0
1	1.000000e-01	TGTGCCAGCAGTGAAGGGGTCGAATCGGAGCAGTTCTTC	CASSEGVESEQFF	TRBV6-1	.	TRBJ2-1	TRBC	assemble1465	0
1	1.666667e-02	TGCGTCTCATTTTCGACCGGCAGCACCCCCTATGTCTTC	CVSFSTGSTPYVF	IGLV2-14	.	IGLJ1	IGLC	assemble126	0
1	1.000000e+00	TGTGCTCTTGGAGCAACCTCCTACGACAAGGTGATATTT	CALGATSYDKVIF	TRDV1	.	TRAJ50	.	assemble3293	0
1	1.666667e-02	TGTCAACAGATTTACACTAACCCGATCACCTTC	CQQIYTNPITF	IGKV1-39	.	IGKJ5	IGKC	assemble1435	0
1	1.000000e-01	TGCTCCTACGAGCAGTACTTC	CSYEQYF	TRBV23-1	.	TRBJ2-7	TRBC	assemble1452	0
1	2.380952e-02	TGTGTGAGAGATGGTTCCTGTGATAGTAGTAGCTGCTATGCCTACTTTCACCACTGG	CVRDGSCDSSSCYAYFHHW	.	.	IGHJ1	IGHG1	assemble427	0
1	1.000000e-01	TGTGCCAGCAGCCAAGATCCCCTGGGGGGGGGTAATCAGCCCCAGCATTTT	CASSQDPLGGGNQPQHF	TRBV4-2	.	TRBJ1-5	TRBC	assemble639	0
1	7.692308e-02	TGTGCTCTGAGTGAGGCGTGGGCCACCAATGCAGGCAAATCAACCTTT	CALSEAWATNAGKSTF	TRAV19	.	TRAJ27	.	assemble1220	0
1	1.666667e-02	TGTCAACAGTATAGTAAGTGGCCGGTCACTTTC	CQQYSKWPVTF	IGKV3-15	.	IGKJ4	IGKC	assemble1414	0
1	2.380952e-02	TGTGCGAGTTACGGCGGTTATGCCGACTTTGACCACTGG	CASYGGYADFDHW	IGHV4-39	.	IGHJ4	.	assemble431	0
1	1.666667e-02	TGTTACTCAACAGACAAGAGTGGTCTTCAAGGGGTGTTC	CYSTDKSGLQGVF	IGLV3-10	.	IGLJ3	IGLC	assemble5227	0
1	2.380952e-02	TGTGCGAAGGAGCAGGGCTACAACGCCCCTTATTACTCTGACTACTGG	CAKEQGYNAPYYSDYW	.	.	IGHJ4	.	assemble4735	0
1	1.000000e-01	TGTGCCAGCAGCCAAGAACCGAGCACCGGGGAGCTGTTTTTTT	out_of_frame	TRBV3-1	.	TRBJ2-2	TRBC	assemble2334	0
1	2.380952e-02	TGTGCGAGAGAAAATTGGAACTTTGACTACTGG	CARENWNFDYW	IGHV3-48	.	IGHJ4	IGHG2	assemble2311	0
1	1.666667e-02	TGCATGCAAGCTCTACAGACTCCCTACATTTTT	CMQALQTPYIF	IGKV2-28	.	IGKJ2	IGKC	assemble643	0
1	1.000000e-01	TGTGCCAGCAGTTTAGGACAGCAGAATCAGCCCCAGCATTTT	CASSLGQQNQPQHF	TRBV12-3	.	TRBJ1-5	TRBC	assemble2289	0
