sample,fastq_1,fastq_2,strandedness,group,rin,rna_conc,batch,sex,code,disease
Control_LP00311,/SAN/vyplab/NYGC_ALSFTD/mayo_blood_rna/fastq/20170809_17-Petrucelli-001/LP00311_GT17-02912_ATTACTCG-AGGCTATA_S1_L001_R1_001.fastq.gz,/SAN/vyplab/NYGC_ALSFTD/mayo_blood_rna/fastq/20170809_17-Petrucelli-001/LP00311_GT17-02912_ATTACTCG-AGGCTATA_S1_L001_R2_001.fastq.gz,reverse,MPA-CTL-RNAseq,6.7,45.14,1,F,CTL,Control
Asympt_LP00157,/SAN/vyplab/NYGC_ALSFTD/mayo_blood_rna/fastq/20170809_17-Petrucelli-001/LP00157_GT17-02913_ATTACTCG-GCCTCTAT_S3_L001_R1_001.fastq.gz,/SAN/vyplab/NYGC_ALSFTD/mayo_blood_rna/fastq/20170809_17-Petrucelli-001/LP00157_GT17-02913_ATTACTCG-GCCTCTAT_S3_L001_R2_001.fastq.gz,reverse,MPA-c9A-RNAseq,6.9,40.19,1,F,C9A,Asympt
Disease_LP0R102,/SAN/vyplab/NYGC_ALSFTD/mayo_blood_rna/fastq/20170809_17-Petrucelli-001/LP0R102_GT17-02914_TCCGGAGA-AGGCTATA_S2_L001_R1_001.fastq.gz,/SAN/vyplab/NYGC_ALSFTD/mayo_blood_rna/fastq/20170809_17-Petrucelli-001/LP0R102_GT17-02914_TCCGGAGA-AGGCTATA_S2_L001_R2_001.fastq.gz,reverse,MPA-c9S-RNAseq,6.3,42.48,1,F,C9S,Disease
Disease_LP00141,/SAN/vyplab/NYGC_ALSFTD/mayo_blood_rna/fastq/20170809_17-Petrucelli-001/LP00141_GT17-02915_TCCGGAGA-GCCTCTAT_S4_L001_R1_001.fastq.gz,/SAN/vyplab/NYGC_ALSFTD/mayo_blood_rna/fastq/20170809_17-Petrucelli-001/LP00141_GT17-02915_TCCGGAGA-GCCTCTAT_S4_L001_R2_001.fastq.gz,reverse,MPA-S-RNAseq,6.7,47.39,1,M,SPD,Disease
Control_LP00313,/SAN/vyplab/NYGC_ALSFTD/mayo_blood_rna/fastq/20170809_17-Petrucelli-001-run2/LP00313_GT17-02916_ATTACTCG-AGGATAGG_S1_L001_R1_001.fastq.gz,/SAN/vyplab/NYGC_ALSFTD/mayo_blood_rna/fastq/20170809_17-Petrucelli-001-run2/LP00313_GT17-02916_ATTACTCG-AGGATAGG_S1_L001_R2_001.fastq.gz,reverse,MPA-CTL-RNAseq,6.5,43.21,1,M,CTL,Control
Asympt_LP00100,/SAN/vyplab/NYGC_ALSFTD/mayo_blood_rna/fastq/20170809_17-Petrucelli-001-run2/LP00100_GT17-02917_ATTACTCG-TCAGAGCC_S3_L001_R1_001.fastq.gz,/SAN/vyplab/NYGC_ALSFTD/mayo_blood_rna/fastq/20170809_17-Petrucelli-001-run2/LP00100_GT17-02917_ATTACTCG-TCAGAGCC_S3_L001_R2_001.fastq.gz,reverse,MPA-c9A-RNAseq,6.5,34.97,1,F,C9A,Asympt
Disease_LP00005,/SAN/vyplab/NYGC_ALSFTD/mayo_blood_rna/fastq/20170809_17-Petrucelli-001-run2/LP00005_GT17-02918_TCCGGAGA-AGGATAGG_S4_L001_R1_001.fastq.gz,/SAN/vyplab/NYGC_ALSFTD/mayo_blood_rna/fastq/20170809_17-Petrucelli-001-run2/LP00005_GT17-02918_TCCGGAGA-AGGATAGG_S4_L001_R2_001.fastq.gz,reverse,MPA-c9S-RNAseq,6.6,42.72,1,F,C9S,Disease
Disease_LP00045,/SAN/vyplab/NYGC_ALSFTD/mayo_blood_rna/fastq/20170809_17-Petrucelli-001-run2/LP00045_GT17-02919_TCCGGAGA-TCAGAGCC_S2_L001_R1_001.fastq.gz,/SAN/vyplab/NYGC_ALSFTD/mayo_blood_rna/fastq/20170809_17-Petrucelli-001-run2/LP00045_GT17-02919_TCCGGAGA-TCAGAGCC_S2_L001_R2_001.fastq.gz,reverse,MPA-S-RNAseq,6.4,42.76,1,M,SPD,Disease
Control_LP00309,/SAN/vyplab/NYGC_ALSFTD/mayo_blood_rna/fastq/20170809_17-Petrucelli-001/LP00309_GT17-02920_ATTACTCG-CTTCGCCT_S6_L002_R1_001.fastq.gz,/SAN/vyplab/NYGC_ALSFTD/mayo_blood_rna/fastq/20170809_17-Petrucelli-001/LP00309_GT17-02920_ATTACTCG-CTTCGCCT_S6_L002_R2_001.fastq.gz,reverse,MPA-CTL-RNAseq,7.8,40.35,1,F,CTL,Control
Asympt_LP00102,/SAN/vyplab/NYGC_ALSFTD/mayo_blood_rna/fastq/20170809_17-Petrucelli-001/LP00102_GT17-02921_ATTACTCG-TAAGATTA_S7_L002_R1_001.fastq.gz,/SAN/vyplab/NYGC_ALSFTD/mayo_blood_rna/fastq/20170809_17-Petrucelli-001/LP00102_GT17-02921_ATTACTCG-TAAGATTA_S7_L002_R2_001.fastq.gz,reverse,MPA-c9A-RNAseq,6.7,40.25,1,F,C9A,Asympt
Disease_LP0R155,/SAN/vyplab/NYGC_ALSFTD/mayo_blood_rna/fastq/20170809_17-Petrucelli-001/LP0R155_GT17-02922_TCCGGAGA-CTTCGCCT_S8_L002_R1_001.fastq.gz,/SAN/vyplab/NYGC_ALSFTD/mayo_blood_rna/fastq/20170809_17-Petrucelli-001/LP0R155_GT17-02922_TCCGGAGA-CTTCGCCT_S8_L002_R2_001.fastq.gz,reverse,MPA-c9S-RNAseq,6.9,37.61,1,F,C9S,Disease
Disease_LP00171,/SAN/vyplab/NYGC_ALSFTD/mayo_blood_rna/fastq/20170809_17-Petrucelli-001/LP00171_GT17-02923_TCCGGAGA-TAAGATTA_S5_L002_R1_001.fastq.gz,/SAN/vyplab/NYGC_ALSFTD/mayo_blood_rna/fastq/20170809_17-Petrucelli-001/LP00171_GT17-02923_TCCGGAGA-TAAGATTA_S5_L002_R2_001.fastq.gz,reverse,MPA-S-RNAseq,7.1,38.63,1,M,SPD,Disease
Control_LP00308,/SAN/vyplab/NYGC_ALSFTD/mayo_blood_rna/fastq/20170809_17-Petrucelli-001-run2/LP00308_GT17-02924_ATTACTCG-ACGTCCTG_S8_L002_R1_001.fastq.gz,/SAN/vyplab/NYGC_ALSFTD/mayo_blood_rna/fastq/20170809_17-Petrucelli-001-run2/LP00308_GT17-02924_ATTACTCG-ACGTCCTG_S8_L002_R2_001.fastq.gz,reverse,MPA-CTL-RNAseq,6.9,36.74,1,F,CTL,Control
Asympt_LP00020,/SAN/vyplab/NYGC_ALSFTD/mayo_blood_rna/fastq/20170809_17-Petrucelli-001-run2/LP00020_GT17-02925_ATTACTCG-GTCAGTAC_S6_L002_R1_001.fastq.gz,/SAN/vyplab/NYGC_ALSFTD/mayo_blood_rna/fastq/20170809_17-Petrucelli-001-run2/LP00020_GT17-02925_ATTACTCG-GTCAGTAC_S6_L002_R2_001.fastq.gz,reverse,MPA-c9A-RNAseq,7.2,35.47,1,M,C9A,Asympt
Disease_LP00129,/SAN/vyplab/NYGC_ALSFTD/mayo_blood_rna/fastq/20170809_17-Petrucelli-001-run2/LP00129_GT17-02926_TCCGGAGA-ACGTCCTG_S5_L002_R1_001.fastq.gz,/SAN/vyplab/NYGC_ALSFTD/mayo_blood_rna/fastq/20170809_17-Petrucelli-001-run2/LP00129_GT17-02926_TCCGGAGA-ACGTCCTG_S5_L002_R2_001.fastq.gz,reverse,MPA-c9S-RNAseq,6.8,37.37,1,M,C9S,Disease
Disease_LP00104,/SAN/vyplab/NYGC_ALSFTD/mayo_blood_rna/fastq/20170809_17-Petrucelli-001-run2/LP00104_GT17-02927_TCCGGAGA-GTCAGTAC_S7_L002_R1_001.fastq.gz,/SAN/vyplab/NYGC_ALSFTD/mayo_blood_rna/fastq/20170809_17-Petrucelli-001-run2/LP00104_GT17-02927_TCCGGAGA-GTCAGTAC_S7_L002_R2_001.fastq.gz,reverse,MPA-S-RNAseq,7.1,36.23,1,M,SPD,Disease
Control_LP00306,/SAN/vyplab/NYGC_ALSFTD/mayo_blood_rna/fastq/20170809_17-Petrucelli-001/LP00306_GT17-02928_CGCTCATT-AGGCTATA_S11_L003_R1_001.fastq.gz,/SAN/vyplab/NYGC_ALSFTD/mayo_blood_rna/fastq/20170809_17-Petrucelli-001/LP00306_GT17-02928_CGCTCATT-AGGCTATA_S11_L003_R2_001.fastq.gz,reverse,MPA-CTL-RNAseq,6.1,43.66,1,F,CTL,Control
Asympt_LP00086,/SAN/vyplab/NYGC_ALSFTD/mayo_blood_rna/fastq/20170809_17-Petrucelli-001/LP00086_GT17-02929_CGCTCATT-GCCTCTAT_S12_L003_R1_001.fastq.gz,/SAN/vyplab/NYGC_ALSFTD/mayo_blood_rna/fastq/20170809_17-Petrucelli-001/LP00086_GT17-02929_CGCTCATT-GCCTCTAT_S12_L003_R2_001.fastq.gz,reverse,MPA-c9A-RNAseq,7,25.56,2,M,C9A,Asympt
Disease_LP00165,/SAN/vyplab/NYGC_ALSFTD/mayo_blood_rna/fastq/20170809_17-Petrucelli-001/LP00165_GT17-02930_GAGATTCC-AGGCTATA_S10_L003_R1_001.fastq.gz,/SAN/vyplab/NYGC_ALSFTD/mayo_blood_rna/fastq/20170809_17-Petrucelli-001/LP00165_GT17-02930_GAGATTCC-AGGCTATA_S10_L003_R2_001.fastq.gz,reverse,MPA-c9S-RNAseq,6.1,42.78,1,F,C9S,Disease
Disease_LP00172,/SAN/vyplab/NYGC_ALSFTD/mayo_blood_rna/fastq/20170809_17-Petrucelli-001/LP00172_GT17-02931_GAGATTCC-GCCTCTAT_S9_L003_R1_001.fastq.gz,/SAN/vyplab/NYGC_ALSFTD/mayo_blood_rna/fastq/20170809_17-Petrucelli-001/LP00172_GT17-02931_GAGATTCC-GCCTCTAT_S9_L003_R2_001.fastq.gz,reverse,MPA-S-RNAseq,6.6,38.21,1,F,SPD,Disease
Control_LP00001,/SAN/vyplab/NYGC_ALSFTD/mayo_blood_rna/fastq/20170809_17-Petrucelli-001/LP00001_GT17-02932_CGCTCATT-AGGATAGG_S15_L004_R1_001.fastq.gz,/SAN/vyplab/NYGC_ALSFTD/mayo_blood_rna/fastq/20170809_17-Petrucelli-001/LP00001_GT17-02932_CGCTCATT-AGGATAGG_S15_L004_R2_001.fastq.gz,reverse,MPA-CTL-RNAseq,6.5,37.58,1,F,CTL,Control
Asympt_LP00030,/SAN/vyplab/NYGC_ALSFTD/mayo_blood_rna/fastq/20170809_17-Petrucelli-001/LP00030_GT17-02933_CGCTCATT-TCAGAGCC_S14_L004_R1_001.fastq.gz,/SAN/vyplab/NYGC_ALSFTD/mayo_blood_rna/fastq/20170809_17-Petrucelli-001/LP00030_GT17-02933_CGCTCATT-TCAGAGCC_S14_L004_R2_001.fastq.gz,reverse,MPA-c9A-RNAseq,6.3,33.68,2,M,C9A,Asympt
Disease_LP00083,/SAN/vyplab/NYGC_ALSFTD/mayo_blood_rna/fastq/20170809_17-Petrucelli-001/LP00083_GT17-02934_GAGATTCC-AGGATAGG_S16_L004_R1_001.fastq.gz,/SAN/vyplab/NYGC_ALSFTD/mayo_blood_rna/fastq/20170809_17-Petrucelli-001/LP00083_GT17-02934_GAGATTCC-AGGATAGG_S16_L004_R2_001.fastq.gz,reverse,MPA-c9S-RNAseq,6.9,36.9,1,F,C9S,Disease
Disease_LP00070,/SAN/vyplab/NYGC_ALSFTD/mayo_blood_rna/fastq/20170809_17-Petrucelli-001/LP00070_GT17-02935_GAGATTCC-TCAGAGCC_S13_L004_R1_001.fastq.gz,/SAN/vyplab/NYGC_ALSFTD/mayo_blood_rna/fastq/20170809_17-Petrucelli-001/LP00070_GT17-02935_GAGATTCC-TCAGAGCC_S13_L004_R2_001.fastq.gz,reverse,MPA-S-RNAseq,7.4,36.01,1,M,SPD,Disease
Control_LP00046,/SAN/vyplab/NYGC_ALSFTD/mayo_blood_rna/fastq/20170809_17-Petrucelli-001/LP00046_GT17-02936_CGCTCATT-CTTCGCCT_S18_L005_R1_001.fastq.gz,/SAN/vyplab/NYGC_ALSFTD/mayo_blood_rna/fastq/20170809_17-Petrucelli-001/LP00046_GT17-02936_CGCTCATT-CTTCGCCT_S18_L005_R2_001.fastq.gz,reverse,MPA-CTL-RNAseq,6.7,39.52,1,F,CTL,Control
Asympt_LP00034,/SAN/vyplab/NYGC_ALSFTD/mayo_blood_rna/fastq/20170809_17-Petrucelli-001/LP00034_GT17-02937_CGCTCATT-TAAGATTA_S17_L005_R1_001.fastq.gz,/SAN/vyplab/NYGC_ALSFTD/mayo_blood_rna/fastq/20170809_17-Petrucelli-001/LP00034_GT17-02937_CGCTCATT-TAAGATTA_S17_L005_R2_001.fastq.gz,reverse,MPA-c9A-RNAseq,6.3,33.26,2,F,C9A,Asympt
Disease_LP00140,/SAN/vyplab/NYGC_ALSFTD/mayo_blood_rna/fastq/20170809_17-Petrucelli-001/LP00140_GT17-02938_GAGATTCC-CTTCGCCT_S20_L005_R1_001.fastq.gz,/SAN/vyplab/NYGC_ALSFTD/mayo_blood_rna/fastq/20170809_17-Petrucelli-001/LP00140_GT17-02938_GAGATTCC-CTTCGCCT_S20_L005_R2_001.fastq.gz,reverse,MPA-c9S-RNAseq,6.4,44.08,1,F,C9S,Disease
Disease_LP00142,/SAN/vyplab/NYGC_ALSFTD/mayo_blood_rna/fastq/20170809_17-Petrucelli-001/LP00142_GT17-02939_GAGATTCC-TAAGATTA_S19_L005_R1_001.fastq.gz,/SAN/vyplab/NYGC_ALSFTD/mayo_blood_rna/fastq/20170809_17-Petrucelli-001/LP00142_GT17-02939_GAGATTCC-TAAGATTA_S19_L005_R2_001.fastq.gz,reverse,MPA-S-RNAseq,6.8,44.45,1,F,SPD,Disease
Control_LP00312,/SAN/vyplab/NYGC_ALSFTD/mayo_blood_rna/fastq/20170809_17-Petrucelli-001/LP00312_GT17-02940_CGCTCATT-ACGTCCTG_S21_L006_R1_001.fastq.gz,/SAN/vyplab/NYGC_ALSFTD/mayo_blood_rna/fastq/20170809_17-Petrucelli-001/LP00312_GT17-02940_CGCTCATT-ACGTCCTG_S21_L006_R2_001.fastq.gz,reverse,MPA-CTL-RNAseq,7,39.55,1,M,CTL,Control
Asympt_LP00017,/SAN/vyplab/NYGC_ALSFTD/mayo_blood_rna/fastq/20170809_17-Petrucelli-001/LP00017_GT17-02941_CGCTCATT-GTCAGTAC_S22_L006_R1_001.fastq.gz,/SAN/vyplab/NYGC_ALSFTD/mayo_blood_rna/fastq/20170809_17-Petrucelli-001/LP00017_GT17-02941_CGCTCATT-GTCAGTAC_S22_L006_R2_001.fastq.gz,reverse,MPA-c9A-RNAseq,6.3,37.51,1,F,C9A,Asympt
Disease_LP00025,/SAN/vyplab/NYGC_ALSFTD/mayo_blood_rna/fastq/20170809_17-Petrucelli-001/LP00025_GT17-02942_GAGATTCC-ACGTCCTG_S23_L006_R1_001.fastq.gz,/SAN/vyplab/NYGC_ALSFTD/mayo_blood_rna/fastq/20170809_17-Petrucelli-001/LP00025_GT17-02942_GAGATTCC-ACGTCCTG_S23_L006_R2_001.fastq.gz,reverse,MPA-c9S-RNAseq,7.5,41.64,1,M,C9S,Disease
Disease_LP00087,/SAN/vyplab/NYGC_ALSFTD/mayo_blood_rna/fastq/20170809_17-Petrucelli-001/LP00087_GT17-02943_GAGATTCC-GTCAGTAC_S24_L006_R1_001.fastq.gz,/SAN/vyplab/NYGC_ALSFTD/mayo_blood_rna/fastq/20170809_17-Petrucelli-001/LP00087_GT17-02943_GAGATTCC-GTCAGTAC_S24_L006_R2_001.fastq.gz,reverse,MPA-S-RNAseq,7.3,38.14,1,F,SPD,Disease
Control_LP00307,/SAN/vyplab/NYGC_ALSFTD/mayo_blood_rna/fastq/20170809_17-Petrucelli-001-run2/LP00307_GT17-02944_ATTCAGAA-AGGCTATA_S9_L003_R1_001.fastq.gz,/SAN/vyplab/NYGC_ALSFTD/mayo_blood_rna/fastq/20170809_17-Petrucelli-001-run2/LP00307_GT17-02944_ATTCAGAA-AGGCTATA_S9_L003_R2_001.fastq.gz,reverse,MPA-CTL-RNAseq,7.2,45.17,1,F,CTL,Control
Asympt_LP00031,/SAN/vyplab/NYGC_ALSFTD/mayo_blood_rna/fastq/20170809_17-Petrucelli-001-run2/LP00031_GT17-02945_ATTCAGAA-GCCTCTAT_S12_L003_R1_001.fastq.gz,/SAN/vyplab/NYGC_ALSFTD/mayo_blood_rna/fastq/20170809_17-Petrucelli-001-run2/LP00031_GT17-02945_ATTCAGAA-GCCTCTAT_S12_L003_R2_001.fastq.gz,reverse,MPA-c9A-RNAseq,6.1,41.69,1,M,C9A,Asympt
Disease_LP00024,/SAN/vyplab/NYGC_ALSFTD/mayo_blood_rna/fastq/20170809_17-Petrucelli-001-run2/LP00024_GT17-02946_GAATTCGT-AGGCTATA_S10_L003_R1_001.fastq.gz,/SAN/vyplab/NYGC_ALSFTD/mayo_blood_rna/fastq/20170809_17-Petrucelli-001-run2/LP00024_GT17-02946_GAATTCGT-AGGCTATA_S10_L003_R2_001.fastq.gz,reverse,MPA-c9S-RNAseq,7.6,41.85,1,F,C9S,Disease
Disease_LP00112,/SAN/vyplab/NYGC_ALSFTD/mayo_blood_rna/fastq/20170809_17-Petrucelli-001-run2/LP00112_GT17-02947_GAATTCGT-GCCTCTAT_S11_L003_R1_001.fastq.gz,/SAN/vyplab/NYGC_ALSFTD/mayo_blood_rna/fastq/20170809_17-Petrucelli-001-run2/LP00112_GT17-02947_GAATTCGT-GCCTCTAT_S11_L003_R2_001.fastq.gz,reverse,MPA-S-RNAseq,6.8,41.13,1,M,SPD,Disease
Control_LP00315,/SAN/vyplab/NYGC_ALSFTD/mayo_blood_rna/fastq/20170809_17-Petrucelli-001/LP00315_GT17-02948_ATTCAGAA-AGGATAGG_S25_L007_R1_001.fastq.gz,/SAN/vyplab/NYGC_ALSFTD/mayo_blood_rna/fastq/20170809_17-Petrucelli-001/LP00315_GT17-02948_ATTCAGAA-AGGATAGG_S25_L007_R2_001.fastq.gz,reverse,MPA-CTL-RNAseq,6.7,39.96,1,M,CTL,Control
Asympt_LP00215A,/SAN/vyplab/NYGC_ALSFTD/mayo_blood_rna/fastq/20170809_17-Petrucelli-001/LP00215A_GT17-02949_ATTCAGAA-TCAGAGCC_S27_L007_R1_001.fastq.gz,/SAN/vyplab/NYGC_ALSFTD/mayo_blood_rna/fastq/20170809_17-Petrucelli-001/LP00215A_GT17-02949_ATTCAGAA-TCAGAGCC_S27_L007_R2_001.fastq.gz,reverse,MPA-c9A-RNAseq,6.8,40.58,1,M,C9A,Asympt
Disease_LP00214,/SAN/vyplab/NYGC_ALSFTD/mayo_blood_rna/fastq/20170809_17-Petrucelli-001/LP00214_GT17-02950_GAATTCGT-AGGATAGG_S28_L007_R1_001.fastq.gz,/SAN/vyplab/NYGC_ALSFTD/mayo_blood_rna/fastq/20170809_17-Petrucelli-001/LP00214_GT17-02950_GAATTCGT-AGGATAGG_S28_L007_R2_001.fastq.gz,reverse,MPA-c9S-RNAseq,7,40.4,1,M,C9S,Disease
Disease_LP00069,/SAN/vyplab/NYGC_ALSFTD/mayo_blood_rna/fastq/20170809_17-Petrucelli-001/LP00069_GT17-02951_GAATTCGT-TCAGAGCC_S26_L007_R1_001.fastq.gz,/SAN/vyplab/NYGC_ALSFTD/mayo_blood_rna/fastq/20170809_17-Petrucelli-001/LP00069_GT17-02951_GAATTCGT-TCAGAGCC_S26_L007_R2_001.fastq.gz,reverse,MPA-S-RNAseq,7.2,38.51,1,M,SPD,Disease
Control_LP00075,/SAN/vyplab/NYGC_ALSFTD/mayo_blood_rna/fastq/20170809_17-Petrucelli-001-run2/LP00075_GT17-02952_ATTCAGAA-CTTCGCCT_S15_L004_R1_001.fastq.gz,/SAN/vyplab/NYGC_ALSFTD/mayo_blood_rna/fastq/20170809_17-Petrucelli-001-run2/LP00075_GT17-02952_ATTCAGAA-CTTCGCCT_S15_L004_R2_001.fastq.gz,reverse,MPA-CTL-RNAseq,7,57.69,1,F,CTL,Control
Asympt_LP00180,/SAN/vyplab/NYGC_ALSFTD/mayo_blood_rna/fastq/20170809_17-Petrucelli-001-run2/LP00180_GT17-02953_ATTCAGAA-TAAGATTA_S16_L004_R1_001.fastq.gz,/SAN/vyplab/NYGC_ALSFTD/mayo_blood_rna/fastq/20170809_17-Petrucelli-001-run2/LP00180_GT17-02953_ATTCAGAA-TAAGATTA_S16_L004_R2_001.fastq.gz,reverse,MPA-c9A-RNAseq,7.2,57.21,1,M,C9A,Asympt
Disease_LP00197,/SAN/vyplab/NYGC_ALSFTD/mayo_blood_rna/fastq/20170809_17-Petrucelli-001-run2/LP00197_GT17-02954_GAATTCGT-CTTCGCCT_S14_L004_R1_001.fastq.gz,/SAN/vyplab/NYGC_ALSFTD/mayo_blood_rna/fastq/20170809_17-Petrucelli-001-run2/LP00197_GT17-02954_GAATTCGT-CTTCGCCT_S14_L004_R2_001.fastq.gz,reverse,MPA-c9S-RNAseq,7.1,68.09,1,M,C9S,Disease
Disease_LP00131,/SAN/vyplab/NYGC_ALSFTD/mayo_blood_rna/fastq/20170809_17-Petrucelli-001-run2/LP00131_GT17-02955_GAATTCGT-TAAGATTA_S13_L004_R1_001.fastq.gz,/SAN/vyplab/NYGC_ALSFTD/mayo_blood_rna/fastq/20170809_17-Petrucelli-001-run2/LP00131_GT17-02955_GAATTCGT-TAAGATTA_S13_L004_R2_001.fastq.gz,reverse,MPA-S-RNAseq,7.4,39.58,1,F,SPD,Disease
Control_LP00314,/SAN/vyplab/NYGC_ALSFTD/mayo_blood_rna/fastq/20170809_17-Petrucelli-001-run2/LP00314_GT17-02956_ATTCAGAA-ACGTCCTG_S18_L005_R1_001.fastq.gz,/SAN/vyplab/NYGC_ALSFTD/mayo_blood_rna/fastq/20170809_17-Petrucelli-001-run2/LP00314_GT17-02956_ATTCAGAA-ACGTCCTG_S18_L005_R2_001.fastq.gz,reverse,MPA-CTL-RNAseq,7.9,41.94,1,M,CTL,Control
Asympt_LP00023,/SAN/vyplab/NYGC_ALSFTD/mayo_blood_rna/fastq/20170809_17-Petrucelli-001-run2/LP00023_GT17-02957_ATTCAGAA-GTCAGTAC_S17_L005_R1_001.fastq.gz,/SAN/vyplab/NYGC_ALSFTD/mayo_blood_rna/fastq/20170809_17-Petrucelli-001-run2/LP00023_GT17-02957_ATTCAGAA-GTCAGTAC_S17_L005_R2_001.fastq.gz,reverse,MPA-c9A-RNAseq,6.6,38.82,1,F,C9A,Asympt
Disease_LP00218,/SAN/vyplab/NYGC_ALSFTD/mayo_blood_rna/fastq/20170809_17-Petrucelli-001-run2/LP00218_GT17-02958_GAATTCGT-ACGTCCTG_S20_L005_R1_001.fastq.gz,/SAN/vyplab/NYGC_ALSFTD/mayo_blood_rna/fastq/20170809_17-Petrucelli-001-run2/LP00218_GT17-02958_GAATTCGT-ACGTCCTG_S20_L005_R2_001.fastq.gz,reverse,MPA-c9S-RNAseq,7.2,36.59,1,M,C9S,Disease
Disease_LP00187,/SAN/vyplab/NYGC_ALSFTD/mayo_blood_rna/fastq/20170809_17-Petrucelli-001-run2/LP00187_GT17-02959_GAATTCGT-GTCAGTAC_S19_L005_R1_001.fastq.gz,/SAN/vyplab/NYGC_ALSFTD/mayo_blood_rna/fastq/20170809_17-Petrucelli-001-run2/LP00187_GT17-02959_GAATTCGT-GTCAGTAC_S19_L005_R2_001.fastq.gz,reverse,MPA-S-RNAseq,6.9,35.4,1,M,SPD,Disease
Control_LP00310,/SAN/vyplab/NYGC_ALSFTD/mayo_blood_rna/fastq/20170809_17-Petrucelli-001/LP00310_GT17-02960_CTGAAGCT-AGGCTATA_S32_L008_R1_001.fastq.gz,/SAN/vyplab/NYGC_ALSFTD/mayo_blood_rna/fastq/20170809_17-Petrucelli-001/LP00310_GT17-02960_CTGAAGCT-AGGCTATA_S32_L008_R2_001.fastq.gz,reverse,MPA-CTL-RNAseq,7.6,35.73,1,M,CTL,Control
Asympt_LP0R097,/SAN/vyplab/NYGC_ALSFTD/mayo_blood_rna/fastq/20170809_17-Petrucelli-001/LP0R097_GT17-02961_CTGAAGCT-GCCTCTAT_S29_L008_R1_001.fastq.gz,/SAN/vyplab/NYGC_ALSFTD/mayo_blood_rna/fastq/20170809_17-Petrucelli-001/LP0R097_GT17-02961_CTGAAGCT-GCCTCTAT_S29_L008_R2_001.fastq.gz,reverse,MPA-c9A-RNAseq,8.3,50.54,1,M,C9A,Asympt
Disease_LP00094,/SAN/vyplab/NYGC_ALSFTD/mayo_blood_rna/fastq/20170809_17-Petrucelli-001/LP00094_GT17-02962_TAATGCGC-AGGCTATA_S31_L008_R1_001.fastq.gz,/SAN/vyplab/NYGC_ALSFTD/mayo_blood_rna/fastq/20170809_17-Petrucelli-001/LP00094_GT17-02962_TAATGCGC-AGGCTATA_S31_L008_R2_001.fastq.gz,reverse,MPA-c9S-RNAseq,7.6,47.2,1,F,C9S,Disease
Disease_LP00206,/SAN/vyplab/NYGC_ALSFTD/mayo_blood_rna/fastq/20170809_17-Petrucelli-001/LP00206_GT17-02963_TAATGCGC-GCCTCTAT_S30_L008_R1_001.fastq.gz,/SAN/vyplab/NYGC_ALSFTD/mayo_blood_rna/fastq/20170809_17-Petrucelli-001/LP00206_GT17-02963_TAATGCGC-GCCTCTAT_S30_L008_R2_001.fastq.gz,reverse,MPA-S-RNAseq,7.1,47.57,1,F,SPD,Disease
Control_LP00043,/SAN/vyplab/NYGC_ALSFTD/mayo_blood_rna/fastq/20170809_17-Petrucelli-001-run2/LP00043_GT17-02964_CTGAAGCT-AGGATAGG_S24_L006_R1_001.fastq.gz,/SAN/vyplab/NYGC_ALSFTD/mayo_blood_rna/fastq/20170809_17-Petrucelli-001-run2/LP00043_GT17-02964_CTGAAGCT-AGGATAGG_S24_L006_R2_001.fastq.gz,reverse,MPA-CTL-RNAseq,7.2,42.02,1,M,CTL,Control
Asympt_LP0R120,/SAN/vyplab/NYGC_ALSFTD/mayo_blood_rna/fastq/20170809_17-Petrucelli-001-run2/LP0R120_GT17-02965_CTGAAGCT-TCAGAGCC_S21_L006_R1_001.fastq.gz,/SAN/vyplab/NYGC_ALSFTD/mayo_blood_rna/fastq/20170809_17-Petrucelli-001-run2/LP0R120_GT17-02965_CTGAAGCT-TCAGAGCC_S21_L006_R2_001.fastq.gz,reverse,MPA-c9A-RNAseq,8,38.24,1,F,C9A,Asympt
Disease_LP00237,/SAN/vyplab/NYGC_ALSFTD/mayo_blood_rna/fastq/20170809_17-Petrucelli-001-run2/LP00237_GT17-02966_TAATGCGC-AGGATAGG_S23_L006_R1_001.fastq.gz,/SAN/vyplab/NYGC_ALSFTD/mayo_blood_rna/fastq/20170809_17-Petrucelli-001-run2/LP00237_GT17-02966_TAATGCGC-AGGATAGG_S23_L006_R2_001.fastq.gz,reverse,MPA-c9S-RNAseq,7.5,39.92,1,F,C9S,Disease
Disease_LP00216,/SAN/vyplab/NYGC_ALSFTD/mayo_blood_rna/fastq/20170809_17-Petrucelli-001-run2/LP00216_GT17-02967_TAATGCGC-TCAGAGCC_S22_L006_R1_001.fastq.gz,/SAN/vyplab/NYGC_ALSFTD/mayo_blood_rna/fastq/20170809_17-Petrucelli-001-run2/LP00216_GT17-02967_TAATGCGC-TCAGAGCC_S22_L006_R2_001.fastq.gz,reverse,MPA-S-RNAseq,6.6,28.91,1,M,SPD,Disease
Control_LP00027,/SAN/vyplab/NYGC_ALSFTD/mayo_blood_rna/fastq/20170809_17-Petrucelli-001-run2/LP00027_GT17-02968_CTGAAGCT-CTTCGCCT_S26_L007_R1_001.fastq.gz,/SAN/vyplab/NYGC_ALSFTD/mayo_blood_rna/fastq/20170809_17-Petrucelli-001-run2/LP00027_GT17-02968_CTGAAGCT-CTTCGCCT_S26_L007_R2_001.fastq.gz,reverse,MPA-CTL-RNAseq,7.1,40.82,1,M,CTL,Control
Asympt_LP0R127,/SAN/vyplab/NYGC_ALSFTD/mayo_blood_rna/fastq/20170809_17-Petrucelli-001-run2/LP0R127_GT17-02969_CTGAAGCT-TAAGATTA_S28_L007_R1_001.fastq.gz,/SAN/vyplab/NYGC_ALSFTD/mayo_blood_rna/fastq/20170809_17-Petrucelli-001-run2/LP0R127_GT17-02969_CTGAAGCT-TAAGATTA_S28_L007_R2_001.fastq.gz,reverse,MPA-c9A-RNAseq,7.6,55.6,1,M,C9A,Asympt
Disease_LP00202,/SAN/vyplab/NYGC_ALSFTD/mayo_blood_rna/fastq/20170809_17-Petrucelli-001-run2/LP00202_GT17-02970_TAATGCGC-CTTCGCCT_S27_L007_R1_001.fastq.gz,/SAN/vyplab/NYGC_ALSFTD/mayo_blood_rna/fastq/20170809_17-Petrucelli-001-run2/LP00202_GT17-02970_TAATGCGC-CTTCGCCT_S27_L007_R2_001.fastq.gz,reverse,MPA-c9S-RNAseq,7,53.18,1,M,C9S,Disease
Disease_LP00221,/SAN/vyplab/NYGC_ALSFTD/mayo_blood_rna/fastq/20170809_17-Petrucelli-001-run2/LP00221_GT17-02971_TAATGCGC-TAAGATTA_S25_L007_R1_001.fastq.gz,/SAN/vyplab/NYGC_ALSFTD/mayo_blood_rna/fastq/20170809_17-Petrucelli-001-run2/LP00221_GT17-02971_TAATGCGC-TAAGATTA_S25_L007_R2_001.fastq.gz,reverse,MPA-S-RNAseq,7.9,53.47,1,F,SPD,Disease
Control_LP0R162,/SAN/vyplab/NYGC_ALSFTD/mayo_blood_rna/fastq/20170809_17-Petrucelli-001-run2/LP0R162_GT17-02972_CTGAAGCT-ACGTCCTG_S32_L008_R1_001.fastq.gz,/SAN/vyplab/NYGC_ALSFTD/mayo_blood_rna/fastq/20170809_17-Petrucelli-001-run2/LP0R162_GT17-02972_CTGAAGCT-ACGTCCTG_S32_L008_R2_001.fastq.gz,reverse,MPA-CTL-RNAseq,7.8,46.89,1,M,CTL,Control
Asympt_LP0R074,/SAN/vyplab/NYGC_ALSFTD/mayo_blood_rna/fastq/20170809_17-Petrucelli-001-run2/LP0R074_GT17-02973_CTGAAGCT-GTCAGTAC_S30_L008_R1_001.fastq.gz,/SAN/vyplab/NYGC_ALSFTD/mayo_blood_rna/fastq/20170809_17-Petrucelli-001-run2/LP0R074_GT17-02973_CTGAAGCT-GTCAGTAC_S30_L008_R2_001.fastq.gz,reverse,MPA-c9A-RNAseq,7.1,37.52,1,F,C9A,Asympt
Disease_LP00124,/SAN/vyplab/NYGC_ALSFTD/mayo_blood_rna/fastq/20170809_17-Petrucelli-001-run2/LP00124_GT17-02974_TAATGCGC-ACGTCCTG_S31_L008_R1_001.fastq.gz,/SAN/vyplab/NYGC_ALSFTD/mayo_blood_rna/fastq/20170809_17-Petrucelli-001-run2/LP00124_GT17-02974_TAATGCGC-ACGTCCTG_S31_L008_R2_001.fastq.gz,reverse,MPA-c9S-RNAseq,6.7,39.57,1,M,C9S,Disease
Disease_LP00236,/SAN/vyplab/NYGC_ALSFTD/mayo_blood_rna/fastq/20170809_17-Petrucelli-001-run2/LP00236_GT17-02975_TAATGCGC-GTCAGTAC_S29_L008_R1_001.fastq.gz,/SAN/vyplab/NYGC_ALSFTD/mayo_blood_rna/fastq/20170809_17-Petrucelli-001-run2/LP00236_GT17-02975_TAATGCGC-GTCAGTAC_S29_L008_R2_001.fastq.gz,reverse,MPA-S-RNAseq,6.5,34.83,1,F,SPD,Disease
Control_LP0R163,/SAN/vyplab/NYGC_ALSFTD/mayo_blood_rna/fastq/20170824_17-petrucelli-001-run4/LP0R163_GT17-02976_CGGCTATG-AGGCTATA_S1_L001_R1_001.fastq.gz,/SAN/vyplab/NYGC_ALSFTD/mayo_blood_rna/fastq/20170824_17-petrucelli-001-run4/LP0R163_GT17-02976_CGGCTATG-AGGCTATA_S1_L001_R2_001.fastq.gz,reverse,MPA-CTL-RNAseq,6.8,47.22,2,F,CTL,Control
Asympt_LP0R137,/SAN/vyplab/NYGC_ALSFTD/mayo_blood_rna/fastq/20170824_17-petrucelli-001-run4/LP0R137_GT17-02977_CGGCTATG-GCCTCTAT_S3_L001_R1_001.fastq.gz,/SAN/vyplab/NYGC_ALSFTD/mayo_blood_rna/fastq/20170824_17-petrucelli-001-run4/LP0R137_GT17-02977_CGGCTATG-GCCTCTAT_S3_L001_R2_001.fastq.gz,reverse,MPA-c9A-RNAseq,7.2,46.91,2,M,C9A,Asympt
Disease_LP00193,/SAN/vyplab/NYGC_ALSFTD/mayo_blood_rna/fastq/20170824_17-petrucelli-001-run4/LP00193_GT17-02978_TCCGCGAA-AGGCTATA_S4_L001_R1_001.fastq.gz,/SAN/vyplab/NYGC_ALSFTD/mayo_blood_rna/fastq/20170824_17-petrucelli-001-run4/LP00193_GT17-02978_TCCGCGAA-AGGCTATA_S4_L001_R2_001.fastq.gz,reverse,MPA-c9S-RNAseq,7.5,50.43,2,M,C9S,Disease
Disease_LP00234,/SAN/vyplab/NYGC_ALSFTD/mayo_blood_rna/fastq/20170824_17-petrucelli-001-run4/LP00234_GT17-02979_TCCGCGAA-GCCTCTAT_S2_L001_R1_001.fastq.gz,/SAN/vyplab/NYGC_ALSFTD/mayo_blood_rna/fastq/20170824_17-petrucelli-001-run4/LP00234_GT17-02979_TCCGCGAA-GCCTCTAT_S2_L001_R2_001.fastq.gz,reverse,MPA-S-RNAseq,7,41.62,2,F,SPD,Disease
Control_LP0R164,/SAN/vyplab/NYGC_ALSFTD/mayo_blood_rna/fastq/20170824_17-petrucelli-001-run4/LP0R164_GT17-02980_CGGCTATG-AGGATAGG_S7_L002_R1_001.fastq.gz,/SAN/vyplab/NYGC_ALSFTD/mayo_blood_rna/fastq/20170824_17-petrucelli-001-run4/LP0R164_GT17-02980_CGGCTATG-AGGATAGG_S7_L002_R2_001.fastq.gz,reverse,MPA-CTL-RNAseq,7.7,48.05,2,F,CTL,Control
Asympt_LP0R043,/SAN/vyplab/NYGC_ALSFTD/mayo_blood_rna/fastq/20170824_17-petrucelli-001-run4/LP0R043_GT17-02981_CGGCTATG-TCAGAGCC_S8_L002_R1_001.fastq.gz,/SAN/vyplab/NYGC_ALSFTD/mayo_blood_rna/fastq/20170824_17-petrucelli-001-run4/LP0R043_GT17-02981_CGGCTATG-TCAGAGCC_S8_L002_R2_001.fastq.gz,reverse,MPA-c9A-RNAseq,6.7,45.86,2,M,C9A,Asympt
Disease_LP00041,/SAN/vyplab/NYGC_ALSFTD/mayo_blood_rna/fastq/20170824_17-petrucelli-001-run4/LP00041_GT17-02982_TCCGCGAA-AGGATAGG_S6_L002_R1_001.fastq.gz,/SAN/vyplab/NYGC_ALSFTD/mayo_blood_rna/fastq/20170824_17-petrucelli-001-run4/LP00041_GT17-02982_TCCGCGAA-AGGATAGG_S6_L002_R2_001.fastq.gz,reverse,MPA-c9S-RNAseq,7,44.67,2,F,C9S,Disease
Disease_LP00251,/SAN/vyplab/NYGC_ALSFTD/mayo_blood_rna/fastq/20170824_17-petrucelli-001-run4/LP00251_GT17-02983_TCCGCGAA-TCAGAGCC_S5_L002_R1_001.fastq.gz,/SAN/vyplab/NYGC_ALSFTD/mayo_blood_rna/fastq/20170824_17-petrucelli-001-run4/LP00251_GT17-02983_TCCGCGAA-TCAGAGCC_S5_L002_R2_001.fastq.gz,reverse,MPA-S-RNAseq,7.3,47.97,2,M,SPD,Disease
Control_LP0R165,/SAN/vyplab/NYGC_ALSFTD/mayo_blood_rna/fastq/20170824_17-petrucelli-001-run4/LP0R165_GT17-02984_CGGCTATG-CTTCGCCT_S11_L003_R1_001.fastq.gz,/SAN/vyplab/NYGC_ALSFTD/mayo_blood_rna/fastq/20170824_17-petrucelli-001-run4/LP0R165_GT17-02984_CGGCTATG-CTTCGCCT_S11_L003_R2_001.fastq.gz,reverse,MPA-CTL-RNAseq,7.8,51.15,2,F,CTL,Control
Asympt_LP0R109,/SAN/vyplab/NYGC_ALSFTD/mayo_blood_rna/fastq/20170824_17-petrucelli-001-run4/LP0R109_GT17-02985_CGGCTATG-TAAGATTA_S10_L003_R1_001.fastq.gz,/SAN/vyplab/NYGC_ALSFTD/mayo_blood_rna/fastq/20170824_17-petrucelli-001-run4/LP0R109_GT17-02985_CGGCTATG-TAAGATTA_S10_L003_R2_001.fastq.gz,reverse,MPA-c9A-RNAseq,8,44.68,2,M,C9A,Asympt
Disease_LP00192,/SAN/vyplab/NYGC_ALSFTD/mayo_blood_rna/fastq/20170824_17-petrucelli-001-run4/LP00192_GT17-02986_TCCGCGAA-CTTCGCCT_S12_L003_R1_001.fastq.gz,/SAN/vyplab/NYGC_ALSFTD/mayo_blood_rna/fastq/20170824_17-petrucelli-001-run4/LP00192_GT17-02986_TCCGCGAA-CTTCGCCT_S12_L003_R2_001.fastq.gz,reverse,MPA-c9S-RNAseq,7.8,44.55,2,M,C9S,Disease
Disease_LP00264,/SAN/vyplab/NYGC_ALSFTD/mayo_blood_rna/fastq/20170824_17-petrucelli-001-run4/LP00264_GT17-02987_TCCGCGAA-TAAGATTA_S9_L003_R1_001.fastq.gz,/SAN/vyplab/NYGC_ALSFTD/mayo_blood_rna/fastq/20170824_17-petrucelli-001-run4/LP00264_GT17-02987_TCCGCGAA-TAAGATTA_S9_L003_R2_001.fastq.gz,reverse,MPA-S-RNAseq,7.4,47,2,F,SPD,Disease
Control_LP0R166,/SAN/vyplab/NYGC_ALSFTD/mayo_blood_rna/fastq/20170818_17-petrucelli-001-run3/LP0R166_GT17-02988_CGGCTATG-ACGTCCTG_S4_L001_R1_001.fastq.gz,/SAN/vyplab/NYGC_ALSFTD/mayo_blood_rna/fastq/20170818_17-petrucelli-001-run3/LP0R166_GT17-02988_CGGCTATG-ACGTCCTG_S4_L001_R2_001.fastq.gz,reverse,MPA-CTL-RNAseq,7.7,43.34,2,M,CTL,Control
Asympt_LP0R138,/SAN/vyplab/NYGC_ALSFTD/mayo_blood_rna/fastq/20170818_17-petrucelli-001-run3/LP0R138_GT17-02989_CGGCTATG-GTCAGTAC_S1_L001_R1_001.fastq.gz,/SAN/vyplab/NYGC_ALSFTD/mayo_blood_rna/fastq/20170818_17-petrucelli-001-run3/LP0R138_GT17-02989_CGGCTATG-GTCAGTAC_S1_L001_R2_001.fastq.gz,reverse,MPA-c9A-RNAseq,8.1,46.27,2,F,C9A,Asympt
Disease_LP00272,/SAN/vyplab/NYGC_ALSFTD/mayo_blood_rna/fastq/20170818_17-petrucelli-001-run3/LP00272_GT17-02990_TCCGCGAA-ACGTCCTG_S3_L001_R1_001.fastq.gz,/SAN/vyplab/NYGC_ALSFTD/mayo_blood_rna/fastq/20170818_17-petrucelli-001-run3/LP00272_GT17-02990_TCCGCGAA-ACGTCCTG_S3_L001_R2_001.fastq.gz,reverse,MPA-c9S-RNAseq,7.7,46.98,2,M,C9S,Disease
Disease_LP00271,/SAN/vyplab/NYGC_ALSFTD/mayo_blood_rna/fastq/20170818_17-petrucelli-001-run3/LP00271_GT17-02991_TCCGCGAA-GTCAGTAC_S2_L001_R1_001.fastq.gz,/SAN/vyplab/NYGC_ALSFTD/mayo_blood_rna/fastq/20170818_17-petrucelli-001-run3/LP00271_GT17-02991_TCCGCGAA-GTCAGTAC_S2_L001_R2_001.fastq.gz,reverse,MPA-S-RNAseq,7.2,51.59,2,M,SPD,Disease
Control_LP0R167,/SAN/vyplab/NYGC_ALSFTD/mayo_blood_rna/fastq/20170818_17-petrucelli-001-run3/LP0R167_GT17-02992_TCTCGCGC-AGGCTATA_S5_L002_R1_001.fastq.gz,/SAN/vyplab/NYGC_ALSFTD/mayo_blood_rna/fastq/20170818_17-petrucelli-001-run3/LP0R167_GT17-02992_TCTCGCGC-AGGCTATA_S5_L002_R2_001.fastq.gz,reverse,MPA-CTL-RNAseq,7.6,44.79,2,M,CTL,Control
Asympt_LP0R038,/SAN/vyplab/NYGC_ALSFTD/mayo_blood_rna/fastq/20170818_17-petrucelli-001-run3/LP0R038_GT17-02993_TCTCGCGC-GCCTCTAT_S6_L002_R1_001.fastq.gz,/SAN/vyplab/NYGC_ALSFTD/mayo_blood_rna/fastq/20170818_17-petrucelli-001-run3/LP0R038_GT17-02993_TCTCGCGC-GCCTCTAT_S6_L002_R2_001.fastq.gz,reverse,MPA-c9A-RNAseq,6.7,40.1,2,F,C9A,Asympt
Disease_LP00273,/SAN/vyplab/NYGC_ALSFTD/mayo_blood_rna/fastq/20170818_17-petrucelli-001-run3/LP00273_GT17-02994_AGCGATAG-AGGCTATA_S8_L002_R1_001.fastq.gz,/SAN/vyplab/NYGC_ALSFTD/mayo_blood_rna/fastq/20170818_17-petrucelli-001-run3/LP00273_GT17-02994_AGCGATAG-AGGCTATA_S8_L002_R2_001.fastq.gz,reverse,MPA-c9S-RNAseq,7.1,45.64,2,F,C9S,Disease
Disease_LP00270,/SAN/vyplab/NYGC_ALSFTD/mayo_blood_rna/fastq/20170818_17-petrucelli-001-run3/LP00270_GT17-02995_AGCGATAG-GCCTCTAT_S7_L002_R1_001.fastq.gz,/SAN/vyplab/NYGC_ALSFTD/mayo_blood_rna/fastq/20170818_17-petrucelli-001-run3/LP00270_GT17-02995_AGCGATAG-GCCTCTAT_S7_L002_R2_001.fastq.gz,reverse,MPA-S-RNAseq,7.4,44.92,2,M,SPD,Disease
Control_LP0R168,/SAN/vyplab/NYGC_ALSFTD/mayo_blood_rna/fastq/20170818_17-petrucelli-001-run3/LP0R168_GT17-02996_TCTCGCGC-AGGATAGG_S11_L003_R1_001.fastq.gz,/SAN/vyplab/NYGC_ALSFTD/mayo_blood_rna/fastq/20170818_17-petrucelli-001-run3/LP0R168_GT17-02996_TCTCGCGC-AGGATAGG_S11_L003_R2_001.fastq.gz,reverse,MPA-CTL-RNAseq,7.9,41.91,2,M,CTL,Control
Asympt_LP0R048,/SAN/vyplab/NYGC_ALSFTD/mayo_blood_rna/fastq/20170818_17-petrucelli-001-run3/LP0R048_GT17-02997_TCTCGCGC-TCAGAGCC_S9_L003_R1_001.fastq.gz,/SAN/vyplab/NYGC_ALSFTD/mayo_blood_rna/fastq/20170818_17-petrucelli-001-run3/LP0R048_GT17-02997_TCTCGCGC-TCAGAGCC_S9_L003_R2_001.fastq.gz,reverse,MPA-c9A-RNAseq,6.3,41.37,2,F,C9A,Asympt
Disease_LP00275,/SAN/vyplab/NYGC_ALSFTD/mayo_blood_rna/fastq/20170818_17-petrucelli-001-run3/LP00275_GT17-02998_AGCGATAG-AGGATAGG_S12_L003_R1_001.fastq.gz,/SAN/vyplab/NYGC_ALSFTD/mayo_blood_rna/fastq/20170818_17-petrucelli-001-run3/LP00275_GT17-02998_AGCGATAG-AGGATAGG_S12_L003_R2_001.fastq.gz,reverse,MPA-c9S-RNAseq,7.2,43.62,2,F,C9S,Disease
Disease_LP00274,/SAN/vyplab/NYGC_ALSFTD/mayo_blood_rna/fastq/20170818_17-petrucelli-001-run3/LP00274_GT17-02999_AGCGATAG-TCAGAGCC_S10_L003_R1_001.fastq.gz,/SAN/vyplab/NYGC_ALSFTD/mayo_blood_rna/fastq/20170818_17-petrucelli-001-run3/LP00274_GT17-02999_AGCGATAG-TCAGAGCC_S10_L003_R2_001.fastq.gz,reverse,MPA-S-RNAseq,7.3,46.22,2,F,SPD,Disease
Control_LP0R169,/SAN/vyplab/NYGC_ALSFTD/mayo_blood_rna/fastq/20170818_17-petrucelli-001-run3/LP0R169_GT17-03000_TCTCGCGC-CTTCGCCT_S14_L004_R1_001.fastq.gz,/SAN/vyplab/NYGC_ALSFTD/mayo_blood_rna/fastq/20170818_17-petrucelli-001-run3/LP0R169_GT17-03000_TCTCGCGC-CTTCGCCT_S14_L004_R2_001.fastq.gz,reverse,MPA-CTL-RNAseq,7.8,39.88,2,F,CTL,Control
Asympt_LP0R039,/SAN/vyplab/NYGC_ALSFTD/mayo_blood_rna/fastq/20170818_17-petrucelli-001-run3/LP0R039_GT17-03001_TCTCGCGC-TAAGATTA_S15_L004_R1_001.fastq.gz,/SAN/vyplab/NYGC_ALSFTD/mayo_blood_rna/fastq/20170818_17-petrucelli-001-run3/LP0R039_GT17-03001_TCTCGCGC-TAAGATTA_S15_L004_R2_001.fastq.gz,reverse,MPA-c9A-RNAseq,7.1,48.76,2,M,C9A,Asympt
Disease_LP00215B,/SAN/vyplab/NYGC_ALSFTD/mayo_blood_rna/fastq/20170818_17-petrucelli-001-run3/LP00215B_GT17-03002_AGCGATAG-CTTCGCCT_S13_L004_R1_001.fastq.gz,/SAN/vyplab/NYGC_ALSFTD/mayo_blood_rna/fastq/20170818_17-petrucelli-001-run3/LP00215B_GT17-03002_AGCGATAG-CTTCGCCT_S13_L004_R2_001.fastq.gz,reverse,MPA-c9S-RNAseq,7.3,46.93,2,M,C9S,Disease
Disease_LP00279,/SAN/vyplab/NYGC_ALSFTD/mayo_blood_rna/fastq/20170818_17-petrucelli-001-run3/LP00279_GT17-03003_AGCGATAG-TAAGATTA_S16_L004_R1_001.fastq.gz,/SAN/vyplab/NYGC_ALSFTD/mayo_blood_rna/fastq/20170818_17-petrucelli-001-run3/LP00279_GT17-03003_AGCGATAG-TAAGATTA_S16_L004_R2_001.fastq.gz,reverse,MPA-S-RNAseq,6.7,45.78,2,F,SPD,Disease
Control_LP0R170,/SAN/vyplab/NYGC_ALSFTD/mayo_blood_rna/fastq/20170818_17-petrucelli-001-run3/LP0R170_GT17-03004_TCTCGCGC-ACGTCCTG_S17_L005_R1_001.fastq.gz,/SAN/vyplab/NYGC_ALSFTD/mayo_blood_rna/fastq/20170818_17-petrucelli-001-run3/LP0R170_GT17-03004_TCTCGCGC-ACGTCCTG_S17_L005_R2_001.fastq.gz,reverse,MPA-CTL-RNAseq,7.7,40.54,2,M,CTL,Control
Asympt_LP0R046,/SAN/vyplab/NYGC_ALSFTD/mayo_blood_rna/fastq/20170818_17-petrucelli-001-run3/LP0R046_GT17-03005_TCTCGCGC-GTCAGTAC_S19_L005_R1_001.fastq.gz,/SAN/vyplab/NYGC_ALSFTD/mayo_blood_rna/fastq/20170818_17-petrucelli-001-run3/LP0R046_GT17-03005_TCTCGCGC-GTCAGTAC_S19_L005_R2_001.fastq.gz,reverse,MPA-c9A-RNAseq,6.6,38.66,2,M,C9A,Asympt
Disease_LP00204,/SAN/vyplab/NYGC_ALSFTD/mayo_blood_rna/fastq/20170818_17-petrucelli-001-run3/LP00204_GT17-03006_AGCGATAG-ACGTCCTG_S20_L005_R1_001.fastq.gz,/SAN/vyplab/NYGC_ALSFTD/mayo_blood_rna/fastq/20170818_17-petrucelli-001-run3/LP00204_GT17-03006_AGCGATAG-ACGTCCTG_S20_L005_R2_001.fastq.gz,reverse,MPA-c9S-RNAseq,7,41.75,2,M,C9S,Disease
Disease_LP00281,/SAN/vyplab/NYGC_ALSFTD/mayo_blood_rna/fastq/20170818_17-petrucelli-001-run3/LP00281_GT17-03007_AGCGATAG-GTCAGTAC_S18_L005_R1_001.fastq.gz,/SAN/vyplab/NYGC_ALSFTD/mayo_blood_rna/fastq/20170818_17-petrucelli-001-run3/LP00281_GT17-03007_AGCGATAG-GTCAGTAC_S18_L005_R2_001.fastq.gz,reverse,MPA-S-RNAseq,7.2,51.31,2,F,SPD,Disease
Control_LP0R171,/SAN/vyplab/NYGC_ALSFTD/mayo_blood_rna/fastq/20170818_17-petrucelli-001-run3/LP0R171_GT17-03008_ATTACTCG-AGGCTATA_S23_L006_R1_001.fastq.gz,/SAN/vyplab/NYGC_ALSFTD/mayo_blood_rna/fastq/20170818_17-petrucelli-001-run3/LP0R171_GT17-03008_ATTACTCG-AGGCTATA_S23_L006_R2_001.fastq.gz,reverse,MPA-CTL-RNAseq,8.1,42.07,2,M,CTL,Control
Asympt_LP0R106,/SAN/vyplab/NYGC_ALSFTD/mayo_blood_rna/fastq/20170818_17-petrucelli-001-run3/LP0R106_GT17-03009_ATTACTCG-GCCTCTAT_S22_L006_R1_001.fastq.gz,/SAN/vyplab/NYGC_ALSFTD/mayo_blood_rna/fastq/20170818_17-petrucelli-001-run3/LP0R106_GT17-03009_ATTACTCG-GCCTCTAT_S22_L006_R2_001.fastq.gz,reverse,MPA-c9A-RNAseq,8.3,40.25,2,F,C9A,Asympt
Disease_LP00282,/SAN/vyplab/NYGC_ALSFTD/mayo_blood_rna/fastq/20170818_17-petrucelli-001-run3/LP00282_GT17-03010_TCCGGAGA-AGGCTATA_S21_L006_R1_001.fastq.gz,/SAN/vyplab/NYGC_ALSFTD/mayo_blood_rna/fastq/20170818_17-petrucelli-001-run3/LP00282_GT17-03010_TCCGGAGA-AGGCTATA_S21_L006_R2_001.fastq.gz,reverse,MPA-c9S-RNAseq,7.1,40.77,2,F,C9S,Disease
Disease_LP00260,/SAN/vyplab/NYGC_ALSFTD/mayo_blood_rna/fastq/20170818_17-petrucelli-001-run3/LP00260_GT17-03011_TCCGGAGA-GCCTCTAT_S24_L006_R1_001.fastq.gz,/SAN/vyplab/NYGC_ALSFTD/mayo_blood_rna/fastq/20170818_17-petrucelli-001-run3/LP00260_GT17-03011_TCCGGAGA-GCCTCTAT_S24_L006_R2_001.fastq.gz,reverse,MPA-S-RNAseq,6.6,41.03,2,F,SPD,Disease
Control_LP0R172,/SAN/vyplab/NYGC_ALSFTD/mayo_blood_rna/fastq/20170818_17-petrucelli-001-run3/LP0R172_GT17-03012_ATTACTCG-AGGATAGG_S27_L007_R1_001.fastq.gz,/SAN/vyplab/NYGC_ALSFTD/mayo_blood_rna/fastq/20170818_17-petrucelli-001-run3/LP0R172_GT17-03012_ATTACTCG-AGGATAGG_S27_L007_R2_001.fastq.gz,reverse,MPA-CTL-RNAseq,7.9,42.3,2,F,CTL,Control
Asympt_LP0R115,/SAN/vyplab/NYGC_ALSFTD/mayo_blood_rna/fastq/20170818_17-petrucelli-001-run3/LP0R115_GT17-03013_ATTACTCG-TCAGAGCC_S25_L007_R1_001.fastq.gz,/SAN/vyplab/NYGC_ALSFTD/mayo_blood_rna/fastq/20170818_17-petrucelli-001-run3/LP0R115_GT17-03013_ATTACTCG-TCAGAGCC_S25_L007_R2_001.fastq.gz,reverse,MPA-c9A-RNAseq,7.8,41.47,2,F,C9A,Asympt
Disease_LP00018,/SAN/vyplab/NYGC_ALSFTD/mayo_blood_rna/fastq/20170818_17-petrucelli-001-run3/LP00018_GT17-03014_TCCGGAGA-AGGATAGG_S28_L007_R1_001.fastq.gz,/SAN/vyplab/NYGC_ALSFTD/mayo_blood_rna/fastq/20170818_17-petrucelli-001-run3/LP00018_GT17-03014_TCCGGAGA-AGGATAGG_S28_L007_R2_001.fastq.gz,reverse,MPA-c9S-RNAseq,6.6,44.95,2,F,C9S,Disease
Disease_LP00299,/SAN/vyplab/NYGC_ALSFTD/mayo_blood_rna/fastq/20170818_17-petrucelli-001-run3/LP00299_GT17-03015_TCCGGAGA-TCAGAGCC_S26_L007_R1_001.fastq.gz,/SAN/vyplab/NYGC_ALSFTD/mayo_blood_rna/fastq/20170818_17-petrucelli-001-run3/LP00299_GT17-03015_TCCGGAGA-TCAGAGCC_S26_L007_R2_001.fastq.gz,reverse,MPA-S-RNAseq,7.2,45.03,2,M,SPD,Disease
Control_LP0R173,/SAN/vyplab/NYGC_ALSFTD/mayo_blood_rna/fastq/20170818_17-petrucelli-001-run3/LP0R173_GT17-03016_ATTACTCG-CTTCGCCT_S31_L008_R1_001.fastq.gz,/SAN/vyplab/NYGC_ALSFTD/mayo_blood_rna/fastq/20170818_17-petrucelli-001-run3/LP0R173_GT17-03016_ATTACTCG-CTTCGCCT_S31_L008_R2_001.fastq.gz,reverse,MPA-CTL-RNAseq,7.8,41.85,2,M,CTL,Control
Asympt_LP0R124,/SAN/vyplab/NYGC_ALSFTD/mayo_blood_rna/fastq/20170818_17-petrucelli-001-run3/LP0R124_GT17-03017_ATTACTCG-TAAGATTA_S30_L008_R1_001.fastq.gz,/SAN/vyplab/NYGC_ALSFTD/mayo_blood_rna/fastq/20170818_17-petrucelli-001-run3/LP0R124_GT17-03017_ATTACTCG-TAAGATTA_S30_L008_R2_001.fastq.gz,reverse,MPA-c9A-RNAseq,7.9,38.33,2,F,C9A,Asympt
Disease_LP00179,/SAN/vyplab/NYGC_ALSFTD/mayo_blood_rna/fastq/20170818_17-petrucelli-001-run3/LP00179_GT17-03018_TCCGGAGA-CTTCGCCT_S32_L008_R1_001.fastq.gz,/SAN/vyplab/NYGC_ALSFTD/mayo_blood_rna/fastq/20170818_17-petrucelli-001-run3/LP00179_GT17-03018_TCCGGAGA-CTTCGCCT_S32_L008_R2_001.fastq.gz,reverse,MPA-c9S-RNAseq,7.2,38.62,2,M,C9S,Disease
Disease_LP00301,/SAN/vyplab/NYGC_ALSFTD/mayo_blood_rna/fastq/20170818_17-petrucelli-001-run3/LP00301_GT17-03019_TCCGGAGA-TAAGATTA_S29_L008_R1_001.fastq.gz,/SAN/vyplab/NYGC_ALSFTD/mayo_blood_rna/fastq/20170818_17-petrucelli-001-run3/LP00301_GT17-03019_TCCGGAGA-TAAGATTA_S29_L008_R2_001.fastq.gz,reverse,MPA-S-RNAseq,7.1,39.42,2,F,SPD,Disease
Control_LP0R174,/SAN/vyplab/NYGC_ALSFTD/mayo_blood_rna/fastq/20170824_17-petrucelli-001-run4/LP0R174_GT17-03020_ATTACTCG-ACGTCCTG_S14_L004_R1_001.fastq.gz,/SAN/vyplab/NYGC_ALSFTD/mayo_blood_rna/fastq/20170824_17-petrucelli-001-run4/LP0R174_GT17-03020_ATTACTCG-ACGTCCTG_S14_L004_R2_001.fastq.gz,reverse,MPA-CTL-RNAseq,7.8,42.97,2,M,CTL,Control
Asympt_LP0R156,/SAN/vyplab/NYGC_ALSFTD/mayo_blood_rna/fastq/20170824_17-petrucelli-001-run4/LP0R156_GT17-03021_ATTACTCG-GTCAGTAC_S15_L004_R1_001.fastq.gz,/SAN/vyplab/NYGC_ALSFTD/mayo_blood_rna/fastq/20170824_17-petrucelli-001-run4/LP0R156_GT17-03021_ATTACTCG-GTCAGTAC_S15_L004_R2_001.fastq.gz,reverse,MPA-c9A-RNAseq,7.9,39.14,2,M,C9A,Asympt
Disease_LP00099,/SAN/vyplab/NYGC_ALSFTD/mayo_blood_rna/fastq/20170824_17-petrucelli-001-run4/LP00099_GT17-03022_TCCGGAGA-ACGTCCTG_S13_L004_R1_001.fastq.gz,/SAN/vyplab/NYGC_ALSFTD/mayo_blood_rna/fastq/20170824_17-petrucelli-001-run4/LP00099_GT17-03022_TCCGGAGA-ACGTCCTG_S13_L004_R2_001.fastq.gz,reverse,MPA-c9S-RNAseq,7.4,45.2,2,M,C9S,Disease
Disease_LP00303,/SAN/vyplab/NYGC_ALSFTD/mayo_blood_rna/fastq/20170824_17-petrucelli-001-run4/LP00303_GT17-03023_TCCGGAGA-GTCAGTAC_S16_L004_R1_001.fastq.gz,/SAN/vyplab/NYGC_ALSFTD/mayo_blood_rna/fastq/20170824_17-petrucelli-001-run4/LP00303_GT17-03023_TCCGGAGA-GTCAGTAC_S16_L004_R2_001.fastq.gz,reverse,MPA-S-RNAseq,6.7,44.41,2,F,SPD,Disease
Control_LP0R175,/SAN/vyplab/NYGC_ALSFTD/mayo_blood_rna/fastq/20170824_17-petrucelli-001-run4/LP0R175_GT17-03024_CGCTCATT-AGGCTATA_S20_L005_R1_001.fastq.gz,/SAN/vyplab/NYGC_ALSFTD/mayo_blood_rna/fastq/20170824_17-petrucelli-001-run4/LP0R175_GT17-03024_CGCTCATT-AGGCTATA_S20_L005_R2_001.fastq.gz,reverse,MPA-CTL-RNAseq,7.7,46.8,2,F,CTL,Control
Asympt_LP0R042,/SAN/vyplab/NYGC_ALSFTD/mayo_blood_rna/fastq/20170824_17-petrucelli-001-run4/LP0R042_GT17-03025_CGCTCATT-GCCTCTAT_S18_L005_R1_001.fastq.gz,/SAN/vyplab/NYGC_ALSFTD/mayo_blood_rna/fastq/20170824_17-petrucelli-001-run4/LP0R042_GT17-03025_CGCTCATT-GCCTCTAT_S18_L005_R2_001.fastq.gz,reverse,MPA-c9A-RNAseq,6.1,37.34,2,F,C9A,Asympt
Disease_LP00239,/SAN/vyplab/NYGC_ALSFTD/mayo_blood_rna/fastq/20170824_17-petrucelli-001-run4/LP00239_GT17-03026_GAGATTCC-AGGCTATA_S17_L005_R1_001.fastq.gz,/SAN/vyplab/NYGC_ALSFTD/mayo_blood_rna/fastq/20170824_17-petrucelli-001-run4/LP00239_GT17-03026_GAGATTCC-AGGCTATA_S17_L005_R2_001.fastq.gz,reverse,MPA-c9S-RNAseq,7.4,36,2,F,C9S,Disease
Disease_LP00296,/SAN/vyplab/NYGC_ALSFTD/mayo_blood_rna/fastq/20170824_17-petrucelli-001-run4/LP00296_GT17-03027_GAGATTCC-GCCTCTAT_S19_L005_R1_001.fastq.gz,/SAN/vyplab/NYGC_ALSFTD/mayo_blood_rna/fastq/20170824_17-petrucelli-001-run4/LP00296_GT17-03027_GAGATTCC-GCCTCTAT_S19_L005_R2_001.fastq.gz,reverse,MPA-S-RNAseq,7.5,43.54,2,F,SPD,Disease
Control_LP0R176,/SAN/vyplab/NYGC_ALSFTD/mayo_blood_rna/fastq/20170824_17-petrucelli-001-run4/LP0R176_GT17-03028_CGCTCATT-AGGATAGG_S21_L006_R1_001.fastq.gz,/SAN/vyplab/NYGC_ALSFTD/mayo_blood_rna/fastq/20170824_17-petrucelli-001-run4/LP0R176_GT17-03028_CGCTCATT-AGGATAGG_S21_L006_R2_001.fastq.gz,reverse,MPA-CTL-RNAseq,8,36.72,2,M,CTL,Control
Asympt_LP0R125,/SAN/vyplab/NYGC_ALSFTD/mayo_blood_rna/fastq/20170824_17-petrucelli-001-run4/LP0R125_GT17-03029_CGCTCATT-TCAGAGCC_S23_L006_R1_001.fastq.gz,/SAN/vyplab/NYGC_ALSFTD/mayo_blood_rna/fastq/20170824_17-petrucelli-001-run4/LP0R125_GT17-03029_CGCTCATT-TCAGAGCC_S23_L006_R2_001.fastq.gz,reverse,MPA-c9A-RNAseq,6.9,36.95,2,M,C9A,Asympt
Disease_LP00288,/SAN/vyplab/NYGC_ALSFTD/mayo_blood_rna/fastq/20170824_17-petrucelli-001-run4/LP00288_GT17-03030_GAGATTCC-AGGATAGG_S22_L006_R1_001.fastq.gz,/SAN/vyplab/NYGC_ALSFTD/mayo_blood_rna/fastq/20170824_17-petrucelli-001-run4/LP00288_GT17-03030_GAGATTCC-AGGATAGG_S22_L006_R2_001.fastq.gz,reverse,MPA-c9S-RNAseq,7.7,39.95,2,F,C9S,Disease
Disease_LP00305,/SAN/vyplab/NYGC_ALSFTD/mayo_blood_rna/fastq/20170824_17-petrucelli-001-run4/LP00305_GT17-03031_GAGATTCC-TCAGAGCC_S24_L006_R1_001.fastq.gz,/SAN/vyplab/NYGC_ALSFTD/mayo_blood_rna/fastq/20170824_17-petrucelli-001-run4/LP00305_GT17-03031_GAGATTCC-TCAGAGCC_S24_L006_R2_001.fastq.gz,reverse,MPA-S-RNAseq,7.7,43,2,M,SPD,Disease
